,Bib,Name,Tier,Club,Run1,Run2,Best_Time,Points
96,120,HannahKilmerChoi,13,Will Carter,42.13,40.03,40.03,8.0
98,122,KevinKilmerChoi,13,Adam Grossman,41.0,9999.0,41.0,7.0
10,119,JennaLivingston,13,Stephanie Coward,41.61,41.46,41.46,6.0
99,123,BernardOegema,13,Don French ,44.46,46.29,44.46,5.0
12,,,13,Joanna Perreault,,,,4.5
11,121,GrahamRamshaw,13,Graham Ramshaw ,45.46,9998.0,45.46,4.0
94,117,KylaTaylor,13,Mitch Perreault,53.69,53.88,53.69,3.0
93,116,MelanieLeistnerLavoie,13,Mike McTaggart,9999.0,9999.0,9999.0,0.0
11,109,MackenzieHamilton,12,Joanna Perreault,44.55,41.74,41.74,8.0
91,114,SachaFiand,12,Mitch Perreault,43.48,44.41,43.48,7.0
88,110,RobertMilthorpe,12,Don French ,46.25,45.39,45.39,6.0
10,111,SheriRamshaw,12,Graham Ramshaw ,51.74,50.75,50.75,5.0
12,,,12,Stephanie Coward,,,,4.5
92,115,LindaLeistner,12,Will Carter,51.1,9999.0,51.1,4.0
86,108,DanielSimmonsStubbs,12,Mike McTaggart,53.29,9999.0,53.29,3.0
90,112,DarcyMcDonald,12,Adam Grossman,9999.0,9999.0,9999.0,0.0
79,101,JoelFarber,11,Will Carter,41.92,41.86,41.86,8.0
85,107,TerenceWoodside,11,Mike McTaggart,44.55,45.36,44.55,7.0
9,103,MarkSandell,11,Graham Ramshaw ,52.81,47.41,47.41,6.0
10,102,SarahLedwidge,11,Joanna Perreault,50.25,56.75,50.25,5.0
11,,,11,Stephanie Coward,,,,4.5
82,104,SteveCrawford,11,Don French ,51.5,50.44,50.44,4.0
83,105,ElaineKilmerChoi,11,Mitch Perreault,52.6,9999.0,52.6,3.0
84,106,DenaSilverberg,11,Adam Grossman,60.77,59.04,59.04,2.0
72,75,NicholasBalan,10,Don French ,29.52,30.17,29.52,8.0
77,80,WillStewart,10,Adam Grossman,30.04,9998.0,30.04,7.0
75,78,MikeMcTaggart,10,Mike McTaggart,31.51,31.42,31.42,6.0
74,77,BrandonHune,10,Mitch Perreault,31.56,32.27,31.56,5.0
8,74,GrahamRamshaw,10,Graham Ramshaw ,31.63,9998.0,31.63,4.0
73,76,McleanWood,10,Will Carter,31.75,9998.0,31.75,3.0
9,81,LauraCoward,10,Stephanie Coward,9998.0,35.32,35.32,2.0
9,79,ThomasDaly,10,Joanna Perreault,9999.0,9999.0,9999.0,0.0
66,69,WilliamCartar,9,Will Carter,32.46,33.85,32.46,8.0
63,66,JeffCox,9,Adam Grossman,32.53,9998.0,32.53,7.0
8,73,StephanieCoward,9,Stephanie Coward,32.84,9998.0,32.84,6.0
8,68,PeterMoorhead,9,Joanna Perreault,35.01,9999.0,35.01,5.0
68,71,NeilHubley,9,Don French ,36.34,35.94,35.94,4.0
7,67,JasonPark,9,Graham Ramshaw ,9998.0,36.42,36.42,3.0
67,70,ShaneHambly,9,Mitch Perreault,37.31,37.96,37.31,2.0
69,72,KennethStoneham,9,Mike McTaggart,9999.0,9999.0,9999.0,0.0
6,64,DavidGarber,8,Graham Ramshaw ,35.75,36.14,35.75,8.0
59,61,BradBrock,8,Don French ,36.07,37.43,36.07,7.0
57,59,SeanCotnam,8,Will Carter,36.74,37.06,36.74,6.0
61,63,BrookHamilton,8,Adam Grossman,36.79,37.16,36.79,5.0
58,60,RobertHawtin,8,Mike McTaggart,36.92,37.54,36.92,4.0
7,58,RobertSmejkal,8,Joanna Perreault,37.12,37.8,37.12,3.0
55,57,VaylenPetrella,8,Mitch Perreault,40.49,9999.0,40.49,2.0
7,62,JohnGlover,8,Stephanie Coward,42.75,42.22,42.22,1.0
50,52,DonFrench,7,Don French ,36.25,38.21,36.25,8.0
6,56,JoannaPerreault,7,Joanna Perreault,37.87,38.32,37.87,7.0
6,55,MarkLaurie,7,Stephanie Coward,38.4,38.17,38.17,6.0
51,53,GillianCartar,7,Mike McTaggart,38.5,38.79,38.5,5.0
52,54,PeterDaly,7,Will Carter,40.08,40.85,40.08,4.0
49,51,KevinBeattie,7,Mitch Perreault,9999.0,9999.0,9999.0,0.0
48,50,AdamGrossman,7,Adam Grossman,9999.0,9999.0,9999.0,0.0
5,49,MelanieLeistnerLavoie,7,Graham Ramshaw ,9999.0,9999.0,9999.0,0.0
44,46,CraigPitman,6,Adam Grossman,38.5,38.64,38.5,8.0
5,48,HughMcCormick,6,Stephanie Coward,39.94,39.18,39.18,7.0
4,43,LauraLibby,6,Graham Ramshaw ,41.5,40.41,40.41,6.0
45,47,KevinKilmerChoi,6,Will Carter,40.6,9999.0,40.6,5.0
42,44,ToddRobertson,6,Don French ,43.51,42.0,42.0,4.0
40,42,RobReid,6,Mike McTaggart,9998.0,42.74,42.74,3.0
39,41,LindaLeistner,6,Mitch Perreault,66.67,42.84,42.84,2.0
5,45,ChrisReid,6,Joanna Perreault,9999.0,9999.0,9999.0,0.0
33,35,JamieHaggart,5,Will Carter,40.39,9999.0,40.39,8.0
38,40,EarlDuffy,5,Adam Grossman,9998.0,42.36,42.36,7.0
4,34,JocelynFrench,5,Stephanie Coward,44.47,47.24,44.47,6.0
34,36,LisaBugler,5,Mike McTaggart,45.08,45.81,45.08,5.0
36,38,SheriRamshaw,5,Mitch Perreault,9998.0,46.75,46.75,4.0
35,37,DavidEva,5,Don French ,9999.0,9999.0,9999.0,0.0
4,39,StephenLewis,5,Joanna Perreault,9999.0,9999.0,9999.0,0.0
3,33,ToriAbbott,5,Graham Ramshaw ,9999.0,9999.0,9999.0,0.0
3,29,JoshErlick,4,Joanna Perreault,38.53,9998.0,38.53,8.0
28,30,MitchPerreault,4,Mitch Perreault,40.79,41.05,40.79,7.0
2,27,StevenBollinger,4,Graham Ramshaw ,43.53,41.7,41.7,6.0
3,31,TonyPetrella,4,Stephanie Coward,41.92,9999.0,41.92,5.0
23,25,KevinMcLoughlin,4,Don French ,44.55,9998.0,44.55,4.0
26,28,TusharMehta,4,Will Carter,45.25,45.17,45.17,3.0
30,32,JosephBellissimo,4,Mike McTaggart,9999.0,9999.0,9999.0,0.0
24,26,LeonardDrimmer,4,Adam Grossman,9999.0,9999.0,9999.0,0.0
16,18,GilNayot,3,Don French ,42.65,41.74,41.74,8.0
22,24,AudunBredur,3,Will Carter,43.12,42.66,42.66,7.0
20,22,RichardFridman,3,Mitch Perreault,9998.0,44.21,44.21,6.0
1,20,RachelMegitt,3,Graham Ramshaw ,46.85,50.81,46.85,5.0
19,21,EricaReid,3,Adam Grossman,56.49,56.1,56.1,4.0
2,17,MarkSandell,3,Stephanie Coward,9999.0,9999.0,9999.0,0.0
17,19,NicholasArgiros,3,Mike McTaggart,9999.0,9999.0,9999.0,0.0
2,23,TroyHarrison,3,Joanna Perreault,9999.0,9999.0,9999.0,0.0
11,13,KevinBrown,2,Mitch Perreault,9998.0,49.98,49.98,8.0
8,10,BrentNorrey,2,Mike McTaggart,50.57,9999.0,50.57,7.0
1,15,PeterLivingston,2,Joanna Perreault,50.91,9999.0,50.91,6.0
9,11,SarahLalonde,2,Will Carter,52.33,54.3,52.33,5.0
0,12,ShannaReid,2,Graham Ramshaw ,53.57,9999.0,53.57,4.0
7,9,BernardOegema,2,Don French ,54.42,9999.0,54.42,3.0
1,14,AlexHenry,2,Stephanie Coward,9999.0,9999.0,9999.0,0.0
14,16,ZefuDai,2,Adam Grossman,9999.0,9999.0,9999.0,0.0
3,5,DavidRosenblatt,1,Mike McTaggart,9998.0,42.35,42.35,8.0
1,2,MauriceCacho,1,Will Carter,45.27,44.29,44.29,7.0
0,4,JustinRosenberg,1,Stephanie Coward,46.35,47.78,46.35,6.0
6,8,JonathanAmbeault,1,Adam Grossman,48.23,46.56,46.56,5.0
12,,,1,Graham Ramshaw ,,,,4.5
4,6,AdamSzakacs,1,Don French ,50.37,9998.0,50.37,4.0
0,1,JenniferHsiung,1,Mitch Perreault,54.9,55.54,54.9,3.0
0,7,EricRosen,1,Joanna Perreault,9999.0,9999.0,9999.0,0.0
